,rand_pred,countyname,countyfips
0,0.4741079272,"Calhoun County, Alabama",1015
1,0.7626484336,"Colbert County, Alabama",1033
2,-0.5102883233,"Cullman County, Alabama",1043
3,-0.3253481143,"Escambia County, Alabama",1053
4,0.0637723796,"Etowah County, Alabama",1055
5,0.9430532686,"Jefferson County, Alabama",1073
6,-0.9963267421,"Lauderdale County, Alabama",1077
7,-0.6296029523,"Madison County, Alabama",1089
8,0.6381734538,"Montgomery County, Alabama",1101
9,0.4790835534,"Morgan County, Alabama",1103
10,0.4706340152,"Russell County, Alabama",1113
11,0.831178008,"St. Clair County, Alabama",1115
12,0.5638275075,"Shelby County, Alabama",1117
13,-0.3099084279,"Anchorage Municipality, Alaska",2020
14,0.7000716043,"Apache County, Arizona",4001
15,0.2245092162,"Cochise County, Arizona",4003
16,0.2708950828,"Coconino County, Arizona",4005
17,0.720457948,"Mohave County, Arizona",4015
18,0.5356884877,"Pima County, Arizona",4019
19,-0.432264541,"Pinal County, Arizona",4021
20,-0.8657891401,"Yavapai County, Arizona",4025
21,0.03364844,"Yuma County, Arizona",4027
22,-0.9370947436,"Craighead County, Arkansas",5031
23,0.8898209725,"Crittenden County, Arkansas",5035
24,0.6057237159,"Faulkner County, Arkansas",5045
25,0.5643859052,"Garland County, Arkansas",5051
26,0.1954412275,"Greene County, Arkansas",5055
27,-0.833636431,"Jefferson County, Arkansas",5069
28,-0.0668180457,"Miller County, Arkansas",5091
29,-0.1542001467,"Saline County, Arkansas",5125
30,0.1880174709,"White County, Arkansas",5145
31,0.4062934405,"Alameda County, California",6001
32,0.9237702237,"Amador County, California",6005
33,-0.2750917243,"Butte County, California",6007
34,0.0206490135,"Contra Costa County, California",6013
35,-0.3441168519,"El Dorado County, California",6017
36,-0.2287416329,"Fresno County, California",6019
37,0.5278289379,"Humboldt County, California",6023
38,0.8624550296,"Imperial County, California",6025
39,-0.0305396085,"Kings County, California",6031
40,0.8705820415,"Lassen County, California",6035
41,0.810327545,"Madera County, California",6039
42,-0.0489011558,"Marin County, California",6041
43,0.00990862,"Mendocino County, California",6045
44,0.0109639572,"Merced County, California",6047
45,-0.1359636304,"Monterey County, California",6053
46,-0.1529344342,"Napa County, California",6055
47,-0.2307892407,"Nevada County, California",6057
48,0.4994714775,"Orange County, California",6059
49,-0.8293317642,"Placer County, California",6061
50,-0.2041844085,"Riverside County, California",6065
51,-0.8704752279,"Sacramento County, California",6067
52,-0.0494085214,"San Benito County, California",6069
53,0.6103409746,"San Bernardino County, California",6071
54,-0.1847889112,"San Diego County, California",6073
55,0.6991145694,"San Francisco County, California",6075
56,0.6731229496,"San Joaquin County, California",6077
57,-0.9028078558,"San Luis Obispo County, California",6079
58,-0.2439858925,"San Mateo County, California",6081
59,0.525006888,"Santa Barbara County, California",6083
60,0.8601852548,"Santa Clara County, California",6085
61,0.8307232049,"Santa Cruz County, California",6087
62,0.3609100433,"Shasta County, California",6089
63,-0.185747325,"Solano County, California",6095
64,0.8114160128,"Sonoma County, California",6097
65,0.7085284694,"Stanislaus County, California",6099
66,0.5259430061,"Sutter County, California",6101
67,0.0702132259,"Tehama County, California",6103
68,-0.2245431564,"Tulare County, California",6107
69,0.7360238714,"Ventura County, California",6111
70,0.2814749222,"Yolo County, California",6113
71,-0.1029368188,"Yuba County, California",6115
72,-0.6134377011,"Boulder County, Colorado",8013
73,-0.7816023186,"Broomfield County, Colorado",8014
74,-0.0613256051,"Douglas County, Colorado",8035
75,0.6612115713,"El Paso County, Colorado",8041
76,-0.8599007875,"Garfield County, Colorado",8045
77,-0.8950897044,"La Plata County, Colorado",8067
78,0.8477496358,"Montrose County, Colorado",8085
79,-0.7877795907,"Pueblo County, Colorado",8101
80,0.6317467572,"Summit County, Colorado",8117
81,0.4571714191,"Weld County, Colorado",8123
82,-0.5229653309,"Fairfield County, Connecticut",9001
83,0.6980889412,"Litchfield County, Connecticut",9005
84,0.4202704393,"Middlesex County, Connecticut",9007
85,0.4011057589,"New Haven County, Connecticut",9009
86,-0.7381790923,"New London County, Connecticut",9011
87,-0.3181113589,"Tolland County, Connecticut",9013
88,0.8437430098,"Windham County, Connecticut",9015
89,-0.7331273342,"Kent County, Delaware",10001
90,-0.1284092492,"New Castle County, Delaware",10003
91,-0.071475981,"Sussex County, Delaware",10005
92,-0.0760113666,"District of Columbia, District of Columbia",11001
93,-0.2492548768,"Alachua County, Florida",12001
94,-0.3509578126,"Broward County, Florida",12011
95,-0.4269688569,"Charlotte County, Florida",12015
96,-0.0857300342,"Citrus County, Florida",12017
97,0.5637186468,"Clay County, Florida",12019
98,-0.3753936766,"Collier County, Florida",12021
99,0.0174780725,"Columbia County, Florida",12023
100,0.4947086539,"DeSoto County, Florida",12027
101,-0.8090628481,"Duval County, Florida",12031
102,-0.8017943755,"Escambia County, Florida",12033
103,0.528914292,"Flagler County, Florida",12035
104,-0.4324723686,"Gadsden County, Florida",12039
105,-0.6997534016,"Hendry County, Florida",12051
106,0.2205712703,"Hernando County, Florida",12053
107,-0.9378480704,"Highlands County, Florida",12055
108,-0.4948675701,"Lake County, Florida",12069
109,-0.582259187,"Lee County, Florida",12071
110,-0.3657174003,"Leon County, Florida",12073
111,-0.8067400968,"Levy County, Florida",12075
112,-0.4993734883,"Manatee County, Florida",12081
113,0.1636098054,"Marion County, Florida",12083
114,0.6035819391,"Martin County, Florida",12085
115,-0.8644245009,"Miami-Dade County, Florida",12086
116,-0.601264906,"Monroe County, Florida",12087
117,-0.0009660827,"Okaloosa County, Florida",12091
118,0.1001433216,"Okeechobee County, Florida",12093
119,-0.9242921001,"Osceola County, Florida",12097
120,-0.8666665929,"Palm Beach County, Florida",12099
121,0.8555458473,"Pasco County, Florida",12101
122,-0.2260979508,"Polk County, Florida",12105
123,-0.0064547988,"Putnam County, Florida",12107
124,-0.0366257834,"St. Johns County, Florida",12109
125,-0.7001573672,"St. Lucie County, Florida",12111
126,0.9703525204,"Sarasota County, Florida",12115
127,0.1200935845,"Seminole County, Florida",12117
128,0.2414068831,"Sumter County, Florida",12119
129,0.77572532,"Volusia County, Florida",12127
130,0.4059925143,"Wakulla County, Florida",12129
131,0.6557244342,"Walton County, Florida",12131
132,-0.6641384885,"Barrow County, Georgia",13013
133,0.9719788345,"Bartow County, Georgia",13015
134,-0.0882794531,"Bibb County, Georgia",13021
135,-0.9844093197,"Bulloch County, Georgia",13031
136,-0.4562769724,"Butts County, Georgia",13035
137,-0.5158881092,"Camden County, Georgia",13039
138,0.9687541431,"Catoosa County, Georgia",13047
139,-0.0231115681,"Chatham County, Georgia",13051
140,0.0121901821,"Cherokee County, Georgia",13057
141,0.8116881271,"Clarke County, Georgia",13059
142,-0.9693630848,"Cobb County, Georgia",13067
143,0.4135057926,"Coffee County, Georgia",13069
144,0.4774199206,"Columbia County, Georgia",13073
145,0.5467003352,"Coweta County, Georgia",13077
146,-0.5418419338,"DeKalb County, Georgia",13089
147,-0.3707390171,"Dougherty County, Georgia",13095
148,0.2101597025,"Fannin County, Georgia",13111
149,-0.667845403,"Fayette County, Georgia",13113
150,0.5738378069,"Fulton County, Georgia",13121
151,-0.588626072,"Hall County, Georgia",13139
152,-0.8982812295,"Henry County, Georgia",13151
153,-0.85205512,"Jackson County, Georgia",13157
154,-0.043839548,"Liberty County, Georgia",13179
155,0.0197433189,"Lowndes County, Georgia",13185
156,-0.5493105618,"Newton County, Georgia",13217
157,-0.1304195429,"Pickens County, Georgia",13227
158,-0.1294492624,"Putnam County, Georgia",13237
159,0.1247339389,"Richmond County, Georgia",13245
160,0.9692837035,"Rockdale County, Georgia",13247
161,-0.7717109214,"Stephens County, Georgia",13257
162,0.7949987529,"Thomas County, Georgia",13275
163,-0.8888882087,"Tift County, Georgia",13277
164,-0.4353593199,"Troup County, Georgia",13285
165,-0.8709001338,"Upson County, Georgia",13293
166,0.33466054,"Wayne County, Georgia",13305
167,-0.4428281773,"Whitfield County, Georgia",13313
168,0.6191778123,"Kauai County, Hawaii",15007
169,-0.327722443,"Ada County, Idaho",16001
170,-0.9109555635,"Bannock County, Idaho",16005
171,-0.1976624274,"Cassia County, Idaho",16031
172,-0.3347823834,"Adams County, Illinois",17001
173,0.6181808113,"Bureau County, Illinois",17011
174,0.9161747952,"Cook County, Illinois",17031
175,0.7319267159,"DeKalb County, Illinois",17037
176,0.8470160271,"DuPage County, Illinois",17043
177,0.3242732856,"Fulton County, Illinois",17057
178,-0.114057881,"Iroquois County, Illinois",17075
179,0.1140319813,"Jefferson County, Illinois",17081
180,0.555249836,"Kendall County, Illinois",17093
181,-0.5927468643,"Lake County, Illinois",17097
182,-0.0753860998,"Livingston County, Illinois",17105
183,-0.8764744691,"McHenry County, Illinois",17111
184,-0.3786686357,"McLean County, Illinois",17113
185,-0.0131636911,"Madison County, Illinois",17119
186,0.6336009606,"Morgan County, Illinois",17137
187,-0.7777714619,"Peoria County, Illinois",17143
188,0.9241779254,"St. Clair County, Illinois",17163
189,-0.1921401561,"Sangamon County, Illinois",17167
190,-0.220141364,"Vermilion County, Illinois",17183
191,-0.264353745,"Will County, Illinois",17197
192,-0.2833510062,"Winnebago County, Illinois",17201
193,-0.5111367784,"Woodford County, Illinois",17203
194,0.6072823536,"Adams County, Indiana",18001
195,0.2274119256,"Allen County, Indiana",18003
196,-0.7690015521,"Bartholomew County, Indiana",18005
197,0.5140617416,"Boone County, Indiana",18011
198,-0.9139650598,"Clark County, Indiana",18019
199,0.3431311649,"Dearborn County, Indiana",18029
200,0.9873763527,"Floyd County, Indiana",18043
201,-0.5090157096,"Hancock County, Indiana",18059
202,0.3920825944,"Hendricks County, Indiana",18063
203,0.4589835103,"Jackson County, Indiana",18071
204,-0.1873207655,"Kosciusko County, Indiana",18085
205,-0.0460220812,"LaGrange County, Indiana",18087
206,0.7998399669,"Lake County, Indiana",18089
207,-0.4248155402,"LaPorte County, Indiana",18091
208,0.403995507,"Madison County, Indiana",18095
209,-0.3143782548,"Marion County, Indiana",18097
210,0.2278045823,"Marshall County, Indiana",18099
211,0.1168447477,"Monroe County, Indiana",18105
212,0.5855878923,"Morgan County, Indiana",18109
213,-0.7213579214,"Rush County, Indiana",18139
214,0.5123266539,"St. Joseph County, Indiana",18141
215,-0.8609445293,"Steuben County, Indiana",18151
216,-0.9708505557,"Tippecanoe County, Indiana",18157
217,-0.6452239635,"Vigo County, Indiana",18167
218,0.8785808645,"Wabash County, Indiana",18169
219,0.4400512164,"Warrick County, Indiana",18173
220,0.4150870867,"Black Hawk County, Iowa",19013
221,0.8753534534,"Bremer County, Iowa",19017
222,0.3348606492,"Dickinson County, Iowa",19059
223,-0.7388820748,"Johnson County, Iowa",19103
224,0.9124350443,"Polk County, Iowa",19153
225,-0.5405844131,"Pottawattamie County, Iowa",19155
226,0.3425350314,"Scott County, Iowa",19163
227,-0.0877314002,"Sioux County, Iowa",19167
228,-0.829891546,"Webster County, Iowa",19187
229,-0.1196447172,"Woodbury County, Iowa",19193
230,0.6979525718,"Barton County, Kansas",20009
231,-0.3089411906,"Crawford County, Kansas",20037
232,-0.7373368703,"Ford County, Kansas",20057
233,-0.8703733439,"Johnson County, Kansas",20091
234,0.1376272773,"Miami County, Kansas",20121
235,0.5090245301,"Reno County, Kansas",20155
236,0.0752637029,"Riley County, Kansas",20161
237,-0.1336588874,"Boyle County, Kentucky",21021
238,-0.786347489,"Bullitt County, Kentucky",21029
239,0.0375790382,"Calloway County, Kentucky",21035
240,0.7720773845,"Daviess County, Kentucky",21059
241,0.2116523781,"Fayette County, Kentucky",21067
242,0.0050550355,"Henderson County, Kentucky",21101
243,-0.6956631403,"Hopkins County, Kentucky",21107
244,-0.5649634025,"Jefferson County, Kentucky",21111
245,-0.950348786,"Jessamine County, Kentucky",21113
246,0.9518119101,"Kenton County, Kentucky",21117
247,0.8000913776,"Laurel County, Kentucky",21125
248,-0.1287885714,"Meade County, Kentucky",21163
249,-0.2093519115,"Pike County, Kentucky",21195
250,0.6375521597,"Pulaski County, Kentucky",21199
251,0.3970864084,"Scott County, Kentucky",21209
252,-0.9205429063,"Warren County, Kentucky",21227
253,0.0896504506,"Whitley County, Kentucky",21235
254,-0.6237630011,"Woodford County, Kentucky",21239
255,-0.8333542114,"Acadia Parish, Louisiana",22001
256,-0.7211492679,"Ascension Parish, Louisiana",22005
257,0.8777757266,"Bossier Parish, Louisiana",22015
258,0.5895761405,"Caddo Parish, Louisiana",22017
259,-0.1535721413,"Calcasieu Parish, Louisiana",22019
260,-0.2915143745,"East Baton Rouge Parish, Louisiana",22033
261,-0.740514716,"Evangeline Parish, Louisiana",22039
262,-0.2202196576,"Jefferson Parish, Louisiana",22051
263,-0.0296345883,"Lafayette Parish, Louisiana",22055
264,0.0052661907,"Lincoln Parish, Louisiana",22061
265,-0.3772970946,"Rapides Parish, Louisiana",22079
266,-0.6830505823,"St. Tammany Parish, Louisiana",22103
267,0.3278180261,"Tangipahoa Parish, Louisiana",22105
268,0.5582873097,"West Baton Rouge Parish, Louisiana",22121
269,-0.807390766,"Androscoggin County, Maine",23001
270,-0.3920794619,"Cumberland County, Maine",23005
271,0.0900178686,"Franklin County, Maine",23007
272,0.7453786596,"Knox County, Maine",23013
273,-0.4607381164,"Oxford County, Maine",23017
274,-0.8890102562,"Penobscot County, Maine",23019
275,0.3169919002,"Sagadahoc County, Maine",23023
276,-0.3265599548,"Washington County, Maine",23029
277,-0.0797863554,"York County, Maine",23031
278,0.529876704,"Allegany County, Maryland",24001
279,-0.8320327134,"Baltimore County, Maryland",24005
280,-0.3550418473,"Carroll County, Maryland",24013
281,-0.6163432562,"Dorchester County, Maryland",24019
282,0.6989248073,"Howard County, Maryland",24027
283,-0.9552193194,"Queen Anne's County, Maryland",24035
284,0.7696324954,"St. Mary's County, Maryland",24037
285,-0.3604607732,"Talbot County, Maryland",24041
286,0.0971518876,"Washington County, Maryland",24043
287,0.5826166189,"Wicomico County, Maryland",24045
288,0.005079877,"Baltimore city, Maryland",24510
289,-0.3122233305,"Barnstable County, Massachusetts",25001
290,0.3794389195,"Bristol County, Massachusetts",25005
291,-0.0510097904,"Essex County, Massachusetts",25009
292,0.2149852222,"Franklin County, Massachusetts",25011
293,0.1931616379,"Middlesex County, Massachusetts",25017
294,0.0733954115,"Norfolk County, Massachusetts",25021
295,0.569097931,"Plymouth County, Massachusetts",25023
296,0.1805074957,"Suffolk County, Massachusetts",25025
297,0.2336097929,"Bay County, Michigan",26017
298,-0.9209969531,"Berrien County, Michigan",26021
299,-0.2222529219,"Branch County, Michigan",26023
300,-0.0095519921,"Calhoun County, Michigan",26025
301,0.5666569012,"Cass County, Michigan",26027
302,0.313550742,"Clinton County, Michigan",26037
303,-0.4342706069,"Dickinson County, Michigan",26043
304,0.6193411761,"Eaton County, Michigan",26045
305,0.7750438993,"Genesee County, Michigan",26049
306,-0.4834817822,"Grand Traverse County, Michigan",26055
307,-0.7179772509,"Hillsdale County, Michigan",26059
308,-0.3489516359,"Houghton County, Michigan",26061
309,0.8947126679,"Ingham County, Michigan",26065
310,-0.1397643089,"Ionia County, Michigan",26067
311,0.972395931,"Isabella County, Michigan",26073
312,0.7858896309,"Jackson County, Michigan",26075
313,-0.336492722,"Kalamazoo County, Michigan",26077
314,-0.973040623,"Kalkaska County, Michigan",26079
315,0.9594274628,"Lapeer County, Michigan",26087
316,-0.9535181982,"Lenawee County, Michigan",26091
317,-0.8313220008,"Livingston County, Michigan",26093
318,0.4050396013,"Macomb County, Michigan",26099
319,0.7637614441,"Manistee County, Michigan",26101
320,0.3119700122,"Mason County, Michigan",26105
321,0.4317064206,"Mecosta County, Michigan",26107
322,0.3464077392,"Monroe County, Michigan",26115
323,0.4052464862,"Muskegon County, Michigan",26121
324,0.0476809872,"Newaygo County, Michigan",26123
325,-0.3463462546,"Oakland County, Michigan",26125
326,0.6292808308,"Ogemaw County, Michigan",26129
327,-0.8229923013,"Otsego County, Michigan",26137
328,-0.6785211356,"Ottawa County, Michigan",26139
329,-0.7541077511,"Saginaw County, Michigan",26145
330,-0.3446680596,"St. Clair County, Michigan",26147
331,-0.6933299056,"Sanilac County, Michigan",26151
332,-0.6249043764,"Shiawassee County, Michigan",26155
333,0.3850302072,"Van Buren County, Michigan",26159
334,-0.8353812918,"Washtenaw County, Michigan",26161
335,-0.4140210656,"Anoka County, Minnesota",27003
336,0.7022242045,"Becker County, Minnesota",27005
337,-0.2166716204,"Blue Earth County, Minnesota",27013
338,-0.6725115226,"Brown County, Minnesota",27015
339,0.2141957724,"Crow Wing County, Minnesota",27035
340,0.5499763874,"Dakota County, Minnesota",27037
341,0.4520049641,"Douglas County, Minnesota",27041
342,-0.3722610462,"Freeborn County, Minnesota",27047
343,0.8386939439,"Goodhue County, Minnesota",27049
344,-0.8167466448,"Hennepin County, Minnesota",27053
345,-0.452602983,"Isanti County, Minnesota",27059
346,0.0691458769,"Kandiyohi County, Minnesota",27067
347,0.5506615011,"Mower County, Minnesota",27099
348,-0.4730367708,"Nobles County, Minnesota",27105
349,-0.0565901152,"Olmsted County, Minnesota",27109
350,0.2257110327,"Pine County, Minnesota",27115
351,0.0636437077,"Rice County, Minnesota",27131
352,-0.4283969874,"Scott County, Minnesota",27139
353,0.2074611182,"Sherburne County, Minnesota",27141
354,-0.6851168022,"Wabasha County, Minnesota",27157
355,0.3185595207,"Washington County, Minnesota",27163
356,-0.0531800519,"Winona County, Minnesota",27169
357,-0.0801263772,"Wright County, Minnesota",27171
358,-0.9032834378,"DeSoto County, Mississippi",28033
359,0.6671026427,"Hancock County, Mississippi",28045
360,0.1067714331,"Hinds County, Mississippi",28049
361,-0.8083144514,"Jackson County, Mississippi",28059
362,-0.6877778073,"Lincoln County, Mississippi",28085
363,-0.9433531116,"Madison County, Mississippi",28089
364,0.7100810707,"Oktibbeha County, Mississippi",28105
365,0.6485382535,"Panola County, Mississippi",28107
366,0.6737368823,"Pearl River County, Mississippi",28109
367,0.2302213485,"Pontotoc County, Mississippi",28115
368,-0.9240380214,"Adair County, Missouri",29001
369,0.7599981132,"Buchanan County, Missouri",29021
370,-0.4909011718,"Butler County, Missouri",29023
371,0.2485529317,"Callaway County, Missouri",29027
372,-0.2129614696,"Cape Girardeau County, Missouri",29031
373,0.9598671682,"Christian County, Missouri",29043
374,0.2054927742,"Clay County, Missouri",29047
375,0.5799661062,"Cole County, Missouri",29051
376,0.7941536273,"Franklin County, Missouri",29071
377,0.4419831608,"Greene County, Missouri",29077
378,0.2561624496,"Howell County, Missouri",29091
379,0.0993397939,"Jefferson County, Missouri",29099
380,0.9156648475,"Johnson County, Missouri",29101
381,0.7342732033,"Miller County, Missouri",29131
382,-0.5160556894,"Phelps County, Missouri",29161
383,0.3747411567,"Platte County, Missouri",29165
384,-0.8731215489,"Pulaski County, Missouri",29169
385,-0.926217471,"Saline County, Missouri",29195
386,0.4701471562,"Stone County, Missouri",29209
387,0.7829557791,"Taney County, Missouri",29213
388,-0.5002885096,"St. Louis city, Missouri",29510
389,0.9853220078,"Cascade County, Montana",30013
390,0.2593198138,"Gallatin County, Montana",30031
391,0.1513101565,"Missoula County, Montana",30063
392,-0.0441753875,"Yellowstone County, Montana",30111
393,-0.4063452986,"Adams County, Nebraska",31001
394,0.4364041485,"Buffalo County, Nebraska",31019
395,0.1358526823,"Cass County, Nebraska",31025
396,-0.439439667,"Dakota County, Nebraska",31043
397,0.493161243,"Dodge County, Nebraska",31053
398,-0.9782005991,"Douglas County, Nebraska",31055
399,0.8039337434,"Hall County, Nebraska",31079
400,-0.6270215648,"Lancaster County, Nebraska",31109
401,-0.3065620996,"Platte County, Nebraska",31141
402,0.5809875742,"Sarpy County, Nebraska",31153
403,0.1776157215,"Saunders County, Nebraska",31155
404,-0.0496320982,"Clark County, Nevada",32003
405,0.7396648855,"Lyon County, Nevada",32019
406,0.4316902431,"Washoe County, Nevada",32031
407,-0.7295743038,"Carson City, Nevada",32510
408,-0.581147963,"Belknap County, New Hampshire",33001
409,-0.021694881,"Cheshire County, New Hampshire",33005
410,-0.3189932574,"Grafton County, New Hampshire",33009
411,-0.2233123246,"Hillsborough County, New Hampshire",33011
412,0.4489198378,"Rockingham County, New Hampshire",33015
413,0.639773122,"Sullivan County, New Hampshire",33019
414,0.0557186686,"Atlantic County, New Jersey",34001
415,-0.5000598296,"Bergen County, New Jersey",34003
416,0.6305497441,"Cumberland County, New Jersey",34011
417,0.0443131982,"Essex County, New Jersey",34013
418,-0.011770229,"Gloucester County, New Jersey",34015
419,-0.5266847302,"Hudson County, New Jersey",34017
420,-0.0873705223,"Hunterdon County, New Jersey",34019
421,-0.7720263269,"Mercer County, New Jersey",34021
422,-0.5440901522,"Middlesex County, New Jersey",34023
423,-0.4496586803,"Morris County, New Jersey",34027
424,0.2513718541,"Ocean County, New Jersey",34029
425,0.0447226883,"Passaic County, New Jersey",34031
426,0.1596964829,"Sussex County, New Jersey",34037
427,-0.699704437,"Warren County, New Jersey",34041
428,-0.3674525168,"Bernalillo County, New Mexico",35001
429,-0.9873764252,"Rio Arriba County, New Mexico",35039
430,-0.3360737943,"Sandoval County, New Mexico",35043
431,-0.7173733411,"San Juan County, New Mexico",35045
432,0.1700110824,"San Miguel County, New Mexico",35047
433,-0.715373544,"Santa Fe County, New Mexico",35049
434,-0.167113773,"Bronx County, New York",36005
435,-0.9939459875,"Broome County, New York",36007
436,0.1756986679,"Cayuga County, New York",36011
437,-0.702351171,"Chautauqua County, New York",36013
438,0.0763758756,"Chemung County, New York",36015
439,-0.9720965608,"Chenango County, New York",36017
440,0.0577999794,"Clinton County, New York",36019
441,0.0231442718,"Erie County, New York",36029
442,-0.4735231771,"Essex County, New York",36031
443,-0.2072166404,"Franklin County, New York",36033
444,-0.6077301969,"Genesee County, New York",36037
445,-0.1833703847,"Greene County, New York",36039
446,0.8942749046,"Herkimer County, New York",36043
447,-0.1809177548,"Jefferson County, New York",36045
448,-0.6142615517,"Kings County, New York",36047
449,0.0678359665,"Lewis County, New York",36049
450,-0.9889664982,"Montgomery County, New York",36057
451,0.4188463256,"Nassau County, New York",36059
452,-0.2116297432,"New York County, New York",36061
453,0.3359306237,"Niagara County, New York",36063
454,0.538129262,"Ontario County, New York",36069
455,-0.2856350915,"Orleans County, New York",36073
456,-0.3990417391,"Oswego County, New York",36075
457,-0.6334666615,"Otsego County, New York",36077
458,-0.0464379102,"Putnam County, New York",36079
459,-0.2582383207,"Queens County, New York",36081
460,0.6519303496,"Rensselaer County, New York",36083
461,-0.0571087562,"Richmond County, New York",36085
462,-0.5870187054,"Rockland County, New York",36087
463,-0.3829624342,"Saratoga County, New York",36091
464,-0.2715537159,"Schenectady County, New York",36093
465,0.7087053404,"Seneca County, New York",36099
466,-0.5395002515,"Steuben County, New York",36101
467,-0.1561280834,"Suffolk County, New York",36103
468,0.4765225746,"Sullivan County, New York",36105
469,0.5138149715,"Tioga County, New York",36107
470,-0.8526254189,"Tompkins County, New York",36109
471,-0.4362423778,"Westchester County, New York",36119
472,0.6197282111,"Yates County, New York",36123
473,-0.3888212566,"Alamance County, North Carolina",37001
474,0.2679695732,"Beaufort County, North Carolina",37013
475,0.4247171203,"Buncombe County, North Carolina",37021
476,-0.2366264888,"Burke County, North Carolina",37023
477,0.8924065539,"Cabarrus County, North Carolina",37025
478,0.2172631245,"Caldwell County, North Carolina",37027
479,-0.5115413382,"Carteret County, North Carolina",37031
480,0.8657143426,"Catawba County, North Carolina",37035
481,0.071946264,"Chatham County, North Carolina",37037
482,0.4804159874,"Columbus County, North Carolina",37047
483,0.120418022,"Davie County, North Carolina",37059
484,0.4961908127,"Durham County, North Carolina",37063
485,-0.6782228051,"Gaston County, North Carolina",37071
486,0.9284964306,"Guilford County, North Carolina",37081
487,-0.5442785327,"Harnett County, North Carolina",37085
488,-0.7487815418,"Haywood County, North Carolina",37087
489,0.4274059855,"Henderson County, North Carolina",37089
490,0.6401233568,"Hoke County, North Carolina",37093
491,0.6766156399,"Iredell County, North Carolina",37097
492,0.749851856,"Johnston County, North Carolina",37101
493,-0.8326759738,"Lee County, North Carolina",37105
494,0.9426468472,"Lincoln County, North Carolina",37109
495,-0.3597767595,"McDowell County, North Carolina",37111
496,-0.4233384039,"Madison County, North Carolina",37115
497,0.4514121773,"Mecklenburg County, North Carolina",37119
498,0.8314414309,"Moore County, North Carolina",37125
499,0.0289487165,"New Hanover County, North Carolina",37129
500,-0.0095298798,"Onslow County, North Carolina",37133
501,0.2847419146,"Orange County, North Carolina",37135
502,0.1540992608,"Pender County, North Carolina",37141
503,0.8647707025,"Randolph County, North Carolina",37151
504,-0.433739945,"Rockingham County, North Carolina",37157
505,-0.2201892387,"Rowan County, North Carolina",37159
506,0.8382686958,"Rutherford County, North Carolina",37161
507,0.4989308366,"Sampson County, North Carolina",37163
508,0.8443320357,"Stanly County, North Carolina",37167
509,-0.375609312,"Surry County, North Carolina",37171
510,0.658464078,"Watauga County, North Carolina",37189
511,-0.2450351171,"Wayne County, North Carolina",37191
512,0.8392090992,"Wilson County, North Carolina",37195
513,-0.5352018454,"Yadkin County, North Carolina",37197
514,0.7362908958,"Burleigh County, North Dakota",38015
515,0.2465008588,"Grand Forks County, North Dakota",38035
516,-0.1650360375,"Stark County, North Dakota",38089
517,-0.8002866567,"Adams County, Ohio",39001
518,-0.0701108331,"Allen County, Ohio",39003
519,-0.1578996183,"Ashland County, Ohio",39005
520,-0.9116511714,"Ashtabula County, Ohio",39007
521,0.7790031435,"Auglaize County, Ohio",39011
522,-0.9254994675,"Butler County, Ohio",39017
523,0.3794964227,"Clark County, Ohio",39023
524,-0.5175868279,"Clermont County, Ohio",39025
525,0.2000932593,"Clinton County, Ohio",39027
526,-0.2772667338,"Coshocton County, Ohio",39031
527,-0.8865154688,"Cuyahoga County, Ohio",39035
528,0.1038580036,"Darke County, Ohio",39037
529,0.3542367282,"Defiance County, Ohio",39039
530,0.1639950403,"Delaware County, Ohio",39041
531,-0.8585284218,"Erie County, Ohio",39043
532,-0.6741046025,"Franklin County, Ohio",39049
533,0.8282128046,"Fulton County, Ohio",39051
534,0.7381829953,"Geauga County, Ohio",39055
535,0.5341346718,"Greene County, Ohio",39057
536,0.6899020861,"Guernsey County, Ohio",39059
537,0.776811149,"Hancock County, Ohio",39063
538,0.9978635118,"Highland County, Ohio",39071
539,0.5229036698,"Holmes County, Ohio",39075
540,0.8456407535,"Huron County, Ohio",39077
541,0.7550693415,"Jefferson County, Ohio",39081
542,-0.9869270002,"Lake County, Ohio",39085
543,-0.9647116465,"Licking County, Ohio",39089
544,0.4650142817,"Lorain County, Ohio",39093
545,0.7225665098,"Madison County, Ohio",39097
546,-0.5341812883,"Marion County, Ohio",39101
547,0.4420594861,"Miami County, Ohio",39109
548,0.3625942466,"Montgomery County, Ohio",39113
549,-0.1452495651,"Paulding County, Ohio",39125
550,-0.5688860265,"Perry County, Ohio",39127
551,0.6415447817,"Pickaway County, Ohio",39129
552,0.74040384,"Portage County, Ohio",39133
553,-0.3110460739,"Putnam County, Ohio",39137
554,0.0703575254,"Richland County, Ohio",39139
555,-0.6481271707,"Ross County, Ohio",39141
556,0.3345807747,"Seneca County, Ohio",39147
557,-0.2605626156,"Summit County, Ohio",39153
558,-0.1488211744,"Trumbull County, Ohio",39155
559,-0.9753640698,"Union County, Ohio",39159
560,-0.9210789211,"Warren County, Ohio",39165
561,0.7151598771,"Washington County, Ohio",39167
562,-0.1754972501,"Wayne County, Ohio",39169
563,0.6892099988,"Williams County, Ohio",39171
564,0.4593975985,"Carter County, Oklahoma",40019
565,0.825914609,"Cherokee County, Oklahoma",40021
566,-0.6272903768,"Cleveland County, Oklahoma",40027
567,-0.7765287125,"Comanche County, Oklahoma",40031
568,0.5878633199,"Creek County, Oklahoma",40037
569,0.3568961952,"Kay County, Oklahoma",40071
570,-0.291496926,"Logan County, Oklahoma",40083
571,-0.899284921,"Mayes County, Oklahoma",40097
572,0.5820888264,"Muskogee County, Oklahoma",40101
573,-0.210519,"Pontotoc County, Oklahoma",40123
574,-0.4113736436,"Rogers County, Oklahoma",40131
575,0.3343953598,"Washington County, Oklahoma",40147
576,0.6758330916,"Benton County, Oregon",41003
577,-0.2612320346,"Clatsop County, Oregon",41007
578,0.1381120101,"Jackson County, Oregon",41029
579,-0.62699565,"Jefferson County, Oregon",41031
580,0.2134548253,"Linn County, Oregon",41043
581,-0.617940412,"Marion County, Oregon",41047
582,-0.1876990865,"Polk County, Oregon",41053
583,-0.450101062,"Tillamook County, Oregon",41057
584,-0.5272495029,"Wasco County, Oregon",41065
585,0.9975462784,"Washington County, Oregon",41067
586,-0.1138657593,"Adams County, Pennsylvania",42001
587,0.4075104182,"Bradford County, Pennsylvania",42015
588,-0.6178932416,"Bucks County, Pennsylvania",42017
589,-0.820741424,"Cambria County, Pennsylvania",42021
590,0.5291971986,"Centre County, Pennsylvania",42027
591,-0.7281093729,"Chester County, Pennsylvania",42029
592,-0.4754160696,"Columbia County, Pennsylvania",42037
593,-0.1525559055,"Cumberland County, Pennsylvania",42041
594,-0.7068946289,"Dauphin County, Pennsylvania",42043
595,0.7298044213,"Elk County, Pennsylvania",42047
596,0.261835458,"Franklin County, Pennsylvania",42055
597,-0.7534785676,"Lancaster County, Pennsylvania",42071
598,-0.3541815182,"Lebanon County, Pennsylvania",42075
599,-0.2715156633,"Lehigh County, Pennsylvania",42077
600,0.031760122,"McKean County, Pennsylvania",42083
601,0.958403518,"Monroe County, Pennsylvania",42089
602,-0.2900219367,"Montgomery County, Pennsylvania",42091
603,0.3157168421,"Northampton County, Pennsylvania",42095
604,-0.9401589704,"Perry County, Pennsylvania",42099
605,-0.8247387876,"Philadelphia County, Pennsylvania",42101
606,0.029577154,"Snyder County, Pennsylvania",42109
607,0.8902081139,"Tioga County, Pennsylvania",42117
608,0.8155739666,"Union County, Pennsylvania",42119
609,0.9046160688,"Venango County, Pennsylvania",42121
610,-0.8018866174,"Warren County, Pennsylvania",42123
611,-0.0426063952,"Washington County, Pennsylvania",42125
612,0.5206580357,"Wyoming County, Pennsylvania",42131
613,0.6598853535,"Kent County, Rhode Island",44003
614,-0.0927481797,"Providence County, Rhode Island",44007
615,-0.5759330332,"Washington County, Rhode Island",44009
616,0.8730697619,"Aiken County, South Carolina",45003
617,-0.7122462921,"Anderson County, South Carolina",45007
618,0.4268892737,"Beaufort County, South Carolina",45013
619,-0.4217724051,"Berkeley County, South Carolina",45015
620,0.916052911,"Charleston County, South Carolina",45019
621,-0.0686754042,"Chester County, South Carolina",45023
622,0.5932003054,"Chesterfield County, South Carolina",45025
623,0.5122371643,"Colleton County, South Carolina",45029
624,0.2259807718,"Dorchester County, South Carolina",45035
625,-0.7441733821,"Greenville County, South Carolina",45045
626,0.1680805733,"Greenwood County, South Carolina",45047
627,0.6790710976,"Horry County, South Carolina",45051
628,-0.2951375245,"Jasper County, South Carolina",45053
629,-0.7667325167,"Lancaster County, South Carolina",45057
630,0.3898016879,"Laurens County, South Carolina",45059
631,0.4883344405,"Oconee County, South Carolina",45073
632,-0.4538629672,"Orangeburg County, South Carolina",45075
633,-0.2915907658,"Richland County, South Carolina",45079
634,0.9470880295,"York County, South Carolina",45091
635,-0.0348528034,"Minnehaha County, South Dakota",46099
636,0.8239013705,"Blount County, Tennessee",47009
637,0.2255468227,"Campbell County, Tennessee",47013
638,0.5867705854,"Cumberland County, Tennessee",47035
639,0.1175854771,"Davidson County, Tennessee",47037
640,0.1387700962,"Fayette County, Tennessee",47047
641,-0.951806118,"Hamilton County, Tennessee",47065
642,-0.8542728213,"Lauderdale County, Tennessee",47097
643,-0.2926375982,"Lawrence County, Tennessee",47099
644,0.1380353796,"Madison County, Tennessee",47113
645,0.716560289,"Marion County, Tennessee",47115
646,-0.5602751457,"Marshall County, Tennessee",47117
647,-0.8342432483,"Monroe County, Tennessee",47123
648,0.4386120988,"Montgomery County, Tennessee",47125
649,0.0434324232,"Robertson County, Tennessee",47147
650,-0.1066480098,"Sevier County, Tennessee",47155
651,-0.2316590877,"Shelby County, Tennessee",47157
652,0.4317239013,"Sullivan County, Tennessee",47163
653,-0.1006186122,"Sumner County, Tennessee",47165
654,-0.2539563353,"Warren County, Tennessee",47177
655,0.354330307,"Washington County, Tennessee",47179
656,-0.0093365952,"Williamson County, Tennessee",47187
657,-0.5562836263,"Austin County, Texas",48015
658,-0.5121039974,"Bastrop County, Texas",48021
659,-0.0193563859,"Bell County, Texas",48027
660,-0.7755784418,"Brazos County, Texas",48041
661,0.0359584273,"Burnet County, Texas",48053
662,0.7978212462,"Collin County, Texas",48085
663,-0.8977836779,"Comal County, Texas",48091
664,-0.2842891142,"Denton County, Texas",48121
665,-0.7891849863,"El Paso County, Texas",48141
666,-0.4749786885,"Erath County, Texas",48143
667,-0.8802482516,"Gillespie County, Texas",48171
668,-0.9460621516,"Grayson County, Texas",48181
669,-0.2662767025,"Gregg County, Texas",48183
670,-0.8027344371,"Guadalupe County, Texas",48187
671,-0.9358739265,"Hale County, Texas",48189
672,-0.114483012,"Harris County, Texas",48201
673,0.8790159022,"Henderson County, Texas",48213
674,-0.5731076835,"Hidalgo County, Texas",48215
675,0.4615167957,"Hill County, Texas",48217
676,0.4658961324,"Hockley County, Texas",48219
677,0.9619315226,"Hopkins County, Texas",48223
678,0.694630744,"Howard County, Texas",48227
679,0.3368915251,"Johnson County, Texas",48251
680,-0.3289711075,"Lubbock County, Texas",48303
681,-0.719066683,"Medina County, Texas",48325
682,-0.680800563,"Montgomery County, Texas",48339
683,0.6321224378,"Nacogdoches County, Texas",48347
684,0.9451664658,"Nueces County, Texas",48355
685,-0.4402994923,"Orange County, Texas",48361
686,-0.8759735266,"Parker County, Texas",48367
687,-0.5071237961,"San Patricio County, Texas",48409
688,0.8181337907,"Smith County, Texas",48423
689,-0.7031617828,"Tarrant County, Texas",48439
690,0.1555486049,"Taylor County, Texas",48441
691,0.3615833686,"Tom Green County, Texas",48451
692,-0.3763987086,"Travis County, Texas",48453
693,0.1372257843,"Uvalde County, Texas",48463
694,-0.5569957671,"Val Verde County, Texas",48465
695,0.9353271707,"Van Zandt County, Texas",48467
696,0.2715066187,"Victoria County, Texas",48469
697,0.5906995593,"Walker County, Texas",48471
698,-0.2111027478,"Waller County, Texas",48473
699,-0.6071533934,"Washington County, Texas",48477
700,0.1368255848,"Webb County, Texas",48479
701,0.1832387998,"Wharton County, Texas",48481
702,0.0015618934,"Williamson County, Texas",48491
703,0.3156829157,"Wilson County, Texas",48493
704,-0.42406055,"Wise County, Texas",48497
705,-0.8504726562,"Box Elder County, Utah",49003
706,0.8467744636,"Cache County, Utah",49005
707,0.3572834344,"Carbon County, Utah",49007
708,0.3412562327,"Iron County, Utah",49021
709,0.4343222771,"Salt Lake County, Utah",49035
710,0.2265631228,"Tooele County, Utah",49045
711,-0.5731600945,"Uintah County, Utah",49047
712,0.0482016793,"Utah County, Utah",49049
713,0.182073323,"Washington County, Utah",49053
714,-0.3360459373,"Addison County, Vermont",50001
715,-0.400223492,"Bennington County, Vermont",50003
716,0.5364224049,"Caledonia County, Vermont",50005
717,0.2950046875,"Chittenden County, Vermont",50007
718,-0.4371218365,"Orange County, Vermont",50017
719,0.1895548906,"Rutland County, Vermont",50021
720,0.0452606625,"Washington County, Vermont",50023
721,-0.4068567849,"Windham County, Vermont",50025
722,0.5602139758,"Windsor County, Vermont",50027
723,0.8993074713,"Accomack County, Virginia",51001
724,-0.8223321141,"Albemarle County, Virginia",51003
725,0.2749280238,"Amherst County, Virginia",51009
726,0.2130829446,"Augusta County, Virginia",51015
727,0.7818656964,"Campbell County, Virginia",51031
728,0.6457361121,"Caroline County, Virginia",51033
729,0.86246912,"Culpeper County, Virginia",51047
730,-0.4500097806,"Dinwiddie County, Virginia",51053
731,0.6303670387,"Fairfax County, Virginia",51059
732,0.4420626852,"Fauquier County, Virginia",51061
733,0.309102437,"Gloucester County, Virginia",51073
734,-0.9421406686,"Hanover County, Virginia",51085
735,-0.3163142734,"Henrico County, Virginia",51087
736,-0.1518626608,"Isle of Wight County, Virginia",51093
737,0.4870924418,"James City County, Virginia",51095
738,-0.2735193098,"Loudoun County, Virginia",51107
739,-0.5463428183,"Louisa County, Virginia",51109
740,-0.3120562682,"Mecklenburg County, Virginia",51117
741,0.7241906313,"Montgomery County, Virginia",51121
742,-0.3103785715,"Powhatan County, Virginia",51145
743,0.0792142543,"Prince George County, Virginia",51149
744,0.0093444834,"Pulaski County, Virginia",51155
745,-0.5911238327,"Roanoke County, Virginia",51161
746,-0.0284294447,"Rockingham County, Virginia",51165
747,-0.3590113164,"Russell County, Virginia",51167
748,-0.9616926438,"Spotsylvania County, Virginia",51177
749,0.2224408188,"Alexandria city, Virginia",51510
750,0.9534707116,"Chesapeake city, Virginia",51550
751,0.4752446357,"Fredericksburg city, Virginia",51630
752,0.4344734193,"Hampton city, Virginia",51650
753,0.8917879431,"Lynchburg city, Virginia",51680
754,0.8777311065,"Newport News city, Virginia",51700
755,-0.1797722881,"Norfolk city, Virginia",51710
756,0.3768175514,"Portsmouth city, Virginia",51740
757,0.1360797981,"Suffolk city, Virginia",51800
758,-0.2270187358,"Virginia Beach city, Virginia",51810
759,0.9599206345,"Winchester city, Virginia",51840
760,-0.1913145837,"Benton County, Washington",53005
761,-0.8073601883,"Chelan County, Washington",53007
762,0.7563378311,"Clark County, Washington",53011
763,0.5134503883,"Cowlitz County, Washington",53015
764,0.2720435359,"Grant County, Washington",53025
765,-0.6198202654,"Grays Harbor County, Washington",53027
766,0.3507745509,"Jefferson County, Washington",53031
767,-0.4796898429,"King County, Washington",53033
768,-0.3248539095,"Kitsap County, Washington",53035
769,-0.4396875398,"Lewis County, Washington",53041
770,0.5699393493,"Pierce County, Washington",53053
771,0.9305487417,"Skagit County, Washington",53057
772,0.7219090038,"Snohomish County, Washington",53061
773,-0.0652069793,"Spokane County, Washington",53063
774,-0.8125873999,"Thurston County, Washington",53067
775,-0.5812905192,"Whatcom County, Washington",53073
776,0.5815323334,"Cabell County, West Virginia",54011
777,0.4446799299,"Hancock County, West Virginia",54029
778,-0.3176673952,"Jefferson County, West Virginia",54037
779,-0.0689789238,"Kanawha County, West Virginia",54039
780,0.6331126802,"Marion County, West Virginia",54049
781,-0.3727177824,"Monongalia County, West Virginia",54061
782,-0.9353904198,"Ohio County, West Virginia",54069
783,0.9223660836,"Raleigh County, West Virginia",54081
784,0.3033335843,"Adams County, Wisconsin",55001
785,0.4844275632,"Brown County, Wisconsin",55009
786,0.0314811223,"Calumet County, Wisconsin",55015
787,-0.0042396694,"Chippewa County, Wisconsin",55017
788,0.5919362478,"Columbia County, Wisconsin",55021
789,-0.3736492881,"Dodge County, Wisconsin",55027
790,-0.7399630437,"Door County, Wisconsin",55029
791,0.2596375454,"Eau Claire County, Wisconsin",55035
792,0.4018202156,"Green County, Wisconsin",55045
793,0.1119537171,"Jefferson County, Wisconsin",55055
794,0.1117005252,"La Crosse County, Wisconsin",55063
795,-0.7982623311,"Lincoln County, Wisconsin",55069
796,-0.606703009,"Manitowoc County, Wisconsin",55071
797,0.3814340629,"Marinette County, Wisconsin",55075
798,-0.1163085484,"Milwaukee County, Wisconsin",55079
799,0.3039131371,"Oconto County, Wisconsin",55083
800,0.5360384617,"Outagamie County, Wisconsin",55087
801,-0.5087087314,"Ozaukee County, Wisconsin",55089
802,-0.8372888275,"Pierce County, Wisconsin",55093
803,0.3975050857,"Polk County, Wisconsin",55095
804,-0.7466260309,"Portage County, Wisconsin",55097
805,0.3992163664,"Racine County, Wisconsin",55101
806,-0.1003817102,"Rock County, Wisconsin",55105
807,-0.4890854134,"St. Croix County, Wisconsin",55109
808,0.4921967958,"Sheboygan County, Wisconsin",55117
809,0.2623120521,"Trempealeau County, Wisconsin",55121
810,-0.16244851,"Walworth County, Wisconsin",55127
811,-0.1322473399,"Washington County, Wisconsin",55131
812,-0.4646957322,"Waupaca County, Wisconsin",55135
813,-0.7545461992,"Winnebago County, Wisconsin",55139
814,0.1348618309,"Laramie County, Wyoming",56021
815,0.8563203655,"Sheridan County, Wyoming",56033
